Label of the block;区块签名
sinus;窦
beautiful graph;美丽的图表
Graph title;图标题
y(t) value;y(t) 值
Time t, s;时间 t, s
Chart title 1;图表标题 1
Chart title 2;图表标题2
Signature;签名
block;堵塞
Label of the block;区块签名
sinus;窦
beautiful graph;美丽的图表
Graph title;图标题
y(t) value;y(t) 值
Time t, s;时间 t, s
Chart title 1;图表标题 1
Chart title 2;图表标题2
Signature;签名
block;堵塞
Label of the block;区块签名
sinus;窦
beautiful graph;美丽的图表
Graph title;图标题
y(t) value;y(t) 值
Time t, s;时间 t, s
Chart title 1;图表标题 1
Chart title 2;图表标题2
Signature;签名
block;堵塞
Sensor;传感器
current;当前的
sensor;传感器
Label of the block;区块签名
sinus;窦
beautiful graph;美丽的图表
Graph title;图标题
y(t) value;y(t) 值
Time t, s;时间 t, s
Chart title 1;图表标题 1
Chart title 2;图表标题2
Signature;签名
block;堵塞
Sensor;传感器
current;当前的
sensor;传感器
Submodel;子模型
Label of the block;区块签名
sinus;窦
beautiful graph;美丽的图表
Graph title;图标题
y(t) value;y(t) 值
Time t, s;时间 t, s
Chart title 1;图表标题 1
Chart title 2;图表标题2
Signature;签名
block;堵塞
Sensor;传感器
current;当前的
sensor;传感器
Submodel;子模型
Label of the block;区块签名
sinus;窦
beautiful graph;美丽的图表
Graph title;图标题
y(t) value;y(t) 值
Time t, s;时间 t, s
Chart title 1;图表标题 1
Chart title 2;图表标题2
Signature;签名
block;堵塞
Sensor;传感器
current;当前的
sensor;传感器
Submodel;子模型
Label of the block;区块签名
sinus;窦
beautiful graph;美丽的图表
Graph title;图标题
y(t) value;y(t) 值
Time t, s;时间 t, s
Chart title 1;图表标题 1
Chart title 2;图表标题2
Signature;签名
block;堵塞
Sensor;传感器
current;当前的
sensor;传感器
Submodel;子模型
Star;星星
label;标签
Label of the block;区块签名
sinus;窦
beautiful graph;美丽的图表
Graph title;图标题
y(t) value;y(t) 值
Time t, s;时间 t, s
Chart title 1;图表标题 1
Chart title 2;图表标题2
Signature;签名
block;堵塞
Label of the block;区块签名
sinus;窦
beautiful graph;美丽的图表
Graph title;图标题
y(t) value;y(t) 值
Time t, s;时间 t, s
Chart title 1;图表标题 1
Chart title 2;图表标题2
Signature;签名
block;堵塞
Label of the block;区块签名
sinus;窦
beautiful graph;美丽的图表
Graph title;图标题
y(t) value;y(t) 值
Time t, s;时间 t, s
Chart title 1;图表标题 1
Chart title 2;图表标题2
Signature;签名
block;堵塞
Sensor;传感器
current;当前的
sensor;传感器
Label of the block;区块签名
sinus;窦
beautiful graph;美丽的图表
Graph title;图标题
y(t) value;y(t) 值
Time t, s;时间 t, s
Chart title 1;图表标题 1
Chart title 2;图表标题2
Signature;签名
block;堵塞
Sensor;传感器
current;当前的
sensor;传感器
Submodel;子模型
Label of the block;区块签名
sinus;窦
beautiful graph;美丽的图表
Graph title;图标题
y(t) value;y(t) 值
Time t, s;时间 t, s
Chart title 1;图表标题 1
Chart title 2;图表标题2
Signature;签名
block;堵塞
Sensor;传感器
current;当前的
sensor;传感器
Submodel;子模型
Label of the block;区块签名
sinus;窦
beautiful graph;美丽的图表
Graph title;图标题
y(t) value;y(t) 值
Time t, s;时间 t, s
Chart title 1;图表标题 1
Chart title 2;图表标题2
Signature;签名
block;堵塞
Sensor;传感器
current;当前的
sensor;传感器
Submodel;子模型
Label of the block;区块签名
sinus;窦
beautiful graph;美丽的图表
Graph title;图标题
y(t) value;y(t) 值
Time t, s;时间 t, s
Chart title 1;图表标题 1
Chart title 2;图表标题2
Signature;签名
block;堵塞
Sensor;传感器
current;当前的
sensor;传感器
Submodel;子模型
Star;星星
label;标签
Label of the block;区块签名
sinus;窦
beautiful graph;美丽的图表
Graph title;图标题
y(t) value;y(t) 值
Time t, s;时间 t, s
Chart title 1;图表标题 1
Chart title 2;图表标题2
Signature;签名
block;堵塞
Label of the block;区块签名
sinus;窦
beautiful graph;美丽的图表
Graph title;图标题
y(t) value;y(t) 值
Time t, s;时间 t, s
Chart title 1;图表标题 1
Chart title 2;图表标题2
Signature;签名
block;堵塞
Label of the block;区块签名
sinus;窦
beautiful graph;美丽的图表
Graph title;图标题
y(t) value;y(t) 值
Time t, s;时间 t, s
Chart title 1;图表标题 1
Chart title 2;图表标题2
Signature;签名
block;堵塞
Sensor;传感器
current;当前的
sensor;传感器
Label of the block;区块签名
sinus;窦
beautiful graph;美丽的图表
Graph title;图标题
y(t) value;y(t) 值
Time t, s;时间 t, s
Chart title 1;图表标题 1
Chart title 2;图表标题2
Signature;签名
block;堵塞
Sensor;传感器
current;当前的
sensor;传感器
Submodel;子模型
Label of the block;区块签名
sinus;窦
beautiful graph;美丽的图表
Graph title;图标题
y(t) value;y(t) 值
Time t, s;时间 t, s
Chart title 1;图表标题 1
Chart title 2;图表标题2
Signature;签名
block;堵塞
Sensor;传感器
current;当前的
sensor;传感器
Submodel;子模型
Label of the block;区块签名
sinus;窦
beautiful graph;美丽的图表
Graph title;图标题
y(t) value;y(t) 值
Time t, s;时间 t, s
Chart title 1;图表标题 1
Chart title 2;图表标题2
Signature;签名
block;堵塞
Sensor;传感器
current;当前的
sensor;传感器
Submodel;子模型
Label of the block;区块签名
sinus;窦
beautiful graph;美丽的图表
Graph title;图标题
y(t) value;y(t) 值
Time t, s;时间 t, s
Chart title 1;图表标题 1
Chart title 2;图表标题2
Signature;签名
block;堵塞
Sensor;传感器
current;当前的
sensor;传感器
Submodel;子模型
Star;星星
label;标签
Label of the block;区块签名
sinus;窦
beautiful graph;美丽的图表
Graph title;图标题
y(t) value;y(t) 值
Time t, s;时间 t, s
Chart title 1;图表标题 1
Chart title 2;图表标题2
Signature;签名
block;堵塞
Label of the block;区块签名
sinus;窦
beautiful graph;美丽的图表
Graph title;图标题
y(t) value;y(t) 值
Time t, s;时间 t, s
Chart title 1;图表标题 1
Chart title 2;图表标题2
Signature;签名
block;堵塞
Label of the block;区块签名
sinus;窦
beautiful graph;美丽的图表
Graph title;图标题
y(t) value;y(t) 值
Time t, s;时间 t, s
Chart title 1;图表标题 1
Chart title 2;图表标题2
Signature;签名
block;堵塞
Sensor;传感器
current;当前的
sensor;传感器
Label of the block;区块签名
sinus;窦
beautiful graph;美丽的图表
Graph title;图标题
y(t) value;y(t) 值
Time t, s;时间 t, s
Chart title 1;图表标题 1
Chart title 2;图表标题2
Signature;签名
block;堵塞
Sensor;传感器
current;当前的
sensor;传感器
Submodel;子模型
Label of the block;区块签名
sinus;窦
beautiful graph;美丽的图表
Graph title;图标题
y(t) value;y(t) 值
Time t, s;时间 t, s
Chart title 1;图表标题 1
Chart title 2;图表标题2
Signature;签名
block;堵塞
Sensor;传感器
current;当前的
sensor;传感器
Submodel;子模型
Label of the block;区块签名
sinus;窦
beautiful graph;美丽的图表
Graph title;图标题
y(t) value;y(t) 值
Time t, s;时间 t, s
Chart title 1;图表标题 1
Chart title 2;图表标题2
Signature;签名
block;堵塞
Sensor;传感器
current;当前的
sensor;传感器
Submodel;子模型
Label of the block;区块签名
sinus;窦
beautiful graph;美丽的图表
Graph title;图标题
y(t) value;y(t) 值
Time t, s;时间 t, s
Chart title 1;图表标题 1
Chart title 2;图表标题2
Signature;签名
block;堵塞
Sensor;传感器
current;当前的
sensor;传感器
Submodel;子模型
Star;星星
label;标签
