синус;sinus
график красивый;beautiful graph
Заголовок графика;Graph title
Название графика 1;Chart title 1
Название графика 2;Chart title 2
блока;block
синус;sinus
график красивый;beautiful graph
Заголовок графика;Graph title
Название графика 1;Chart title 1
Название графика 2;Chart title 2
блока;block
синус;sinus
график красивый;beautiful graph
Заголовок графика;Graph title
Название графика 1;Chart title 1
Название графика 2;Chart title 2
блока;block
синус;sinus
график красивый;beautiful graph
Заголовок графика;Graph title
Название графика 1;Chart title 1
Название графика 2;Chart title 2
блока;block
синус;sinus
график красивый;beautiful graph
Заголовок графика;Graph title
Название графика 1;Chart title 1
Название графика 2;Chart title 2
блока;block
синус;sinus
график красивый;beautiful graph
Заголовок графика;Graph title
Название графика 1;Chart title 1
Название графика 2;Chart title 2
блока;block
синус;sinus
график красивый;beautiful graph
Заголовок графика;Graph title
Название графика 1;Chart title 1
Название графика 2;Chart title 2
блока;block
