Синусоида;Sinusoid
Значение y(t;Value y(t
Время t, с;Time t, s
График;Graphics
Парабола;A parable
Пример_ненаправленных_соединителей;Example of Non-Directional Connectors
Синусоида;Sinusoid
Значение y(t;Value y(t
Время t, с;Time t, s
График;Graphics
Парабола;A parable
Пример ненаправленных соединителей;Example of non-directional connectors
Синусоида;Sinusoid
Значение y(t;Value y(t
Время t, с;Time t, s
График;Graphics
Парабола;A parable
Пример ненаправленных соединителей;Example of non-directional connectors
Синусоида;Sinusoid
Значение y(t;Value y(t
Время t, с;Time t, s
График;Graphics
Парабола;A parable
Пример ненаправленных соединителей;Example of non-directional connectors
Синусоида;Sinusoid
Значение y(t;Value y(t
Время t, с;Time t, s
График;Graphics
Парабола;A parable
Пример ненаправленных соединителей;Example of non-directional connectors
Синусоида;Sinusoid
Значение y(t;Value y(t
Время t, с;Time t, s
График;Graphics
Парабола;A parable
Пример ненаправленных соединителей;Example of non-directional connectors
Синусоида;Sinusoid
Значение y(t;Value y(t
Время t, с;Time t, s
График;Graphics
Парабола;A parable
Пример ненаправленных соединителей;Example of non-directional connectors
Синусоида;Sinusoid
Значение y(t;Value y(t
Время t, с;Time t, s
График;Graphics
Парабола;A parable
Пример ненаправленных соединителей;Example of non-directional connectors
