Меандр;Meander
Пример_множественного_объединения_портов_3;Multiple Port Aggregation Example 3
Меандр;Meander
Пример множественного объединения портов 3;Multiple port trunking example 3
Меандр;Meander
Пример множественного объединения портов 3;Multiple port trunking example 3
Меандр;Meander
Пример множественного объединения портов 3;Multiple port trunking example 3
Меандр;Meander
Пример множественного объединения портов 3;Multiple port trunking example 3
Меандр;Meander
Пример множественного объединения портов 3;Multiple port trunking example 3
Меандр;Meander
Пример множественного объединения портов 3;Multiple port trunking example 3
Меандр;Meander
Пример множественного объединения портов 3;Multiple port trunking example 3
пример множественного объединения портов 3;example of multiple port trunking 3
пример множественного объединения портов 3;Multiple port trunking example 3
пример множественного объединения портов 3;Multiple port trunking example 3
пример множественного объединения портов 3;Multiple port trunking example 3
пример множественного объединения портов 3;Multiple port trunking example 3
пример множественного объединения портов 3;Multiple port trunking example 3
пример множественного объединения портов 3;Multiple port trunking example 3
пример множественного объединения портов 3;Multiple port trunking example 3
пример множественного объединения портов 3;Multiple port trunking example 3
пример множественного объединения портов 3;Multiple port trunking example 3
пример множественного объединения портов 3;Multiple port trunking example 3
пример множественного объединения портов 3;Multiple port trunking example 3
пример множественного объединения портов 3;Multiple port trunking example 3
пример множественного объединения портов 3;Multiple port trunking example 3
пример множественного объединения портов 3;Multiple port trunking example 3
пример множественного объединения портов 3;Multiple port trunking example 3
пример множественного объединения портов 3;Multiple port trunking example 3
пример множественного объединения портов 3;Multiple port trunking example 3
пример множественного объединения портов 3;Multiple port trunking example 3
пример множественного объединения портов 3;Multiple port trunking example 3
пример множественного объединения портов 3;Multiple port trunking example 3
пример множественного объединения портов 3;Multiple port trunking example 3
