тока;current
положен.;laid down.
Задание;锻炼
угла;角落
ИНВЕРТОР;逆变器
МЕХАНИКА;力学
ШИМ;希姆
АД;广告
Угол;角落
Скорость;速度
ИНВ;INV
Датчик;传感器
тока;当前的
положен.;放下。
График;图形
Время t, с;时间 t, s
Задание;锻炼
угла;角落
ИНВЕРТОР;逆变器
МЕХАНИКА;力学
ШИМ;希姆
АД;广告
Угол;角落
Скорость;速度
ИНВ;INV
Датчик;传感器
тока;当前的
положен.;放下。
График;图形
Время t, с;时间 t, s
Задание;锻炼
угла;角落
ИНВЕРТОР;逆变器
МЕХАНИКА;力学
ШИМ;希姆
АД;广告
Угол;角落
Скорость;速度
ИНВ;INV
Датчик;传感器
тока;当前的
положен.;放下。
График;图形
Время t, с;时间 t, s
Задание;锻炼
Задание;锻炼
угла;角落
ИНВЕРТОР;逆变器
МЕХАНИКА;力学
ШИМ;希姆
АД;广告
Угол;角落
Скорость;速度
ИНВ;INV
ШИМ;希姆
АД;广告
Датчик;传感器
тока;当前的
положен.;放下。
Датчик;传感器
График;图形
Время t, с;时间 t, s
АД;广告
Задание;锻炼
Задание;锻炼
угла;角落
ИНВЕРТОР;逆变器
МЕХАНИКА;力学
ШИМ;希姆
АД;广告
Угол;角落
Скорость;速度
ИНВ;INV
ШИМ;希姆
АД;广告
Датчик;传感器
тока;当前的
положен.;放下。
Датчик;传感器
График;图形
Время t, с;时间 t, s
АД;广告
Задание;锻炼
Задание;锻炼
угла;角落
ИНВЕРТОР;逆变器
МЕХАНИКА;力学
ШИМ;希姆
АД;广告
Угол;角落
Скорость;速度
ИНВ;INV
ШИМ;希姆
АД;广告
Датчик;传感器
тока;当前的
положен.;放下。
Датчик;传感器
График;图形
Время t, с;时间 t, s
АД;广告
Задание;锻炼
Задание;锻炼
угла;角落
Задание;锻炼
Задание;锻炼
угла;角落
ИНВЕРТОР;逆变器
МЕХАНИКА;力学
ШИМ;希姆
АД;广告
Угол;角落
Скорость;速度
ИНВ;INV
ШИМ;希姆
АД;广告
Датчик;传感器
тока;当前的
положен.;放下。
Датчик;传感器
График;图形
Время t, с;时间 t, s
АД;广告
Задание;锻炼
Задание;锻炼
угла;角落
ИНВЕРТОР;逆变器
МЕХАНИКА;力学
ШИМ;希姆
АД;广告
Угол;角落
Скорость;速度
ИНВ;INV
ШИМ;希姆
АД;广告
Датчик;传感器
Датчик;传感器
График;图形
Время t, с;时间 t, s
АД;广告
Задание;锻炼
Задание;锻炼
угла;角落
ИНВЕРТОР;逆变器
МЕХАНИКА;力学
ШИМ;希姆
АД;广告
Угол;角落
Скорость;速度
ИНВ;INV
ШИМ;希姆
АД;广告
Датчик;传感器
Датчик;传感器
График;图形
Время t, с;时间 t, s
АД;广告
Задание;锻炼
Задание;锻炼
угла;角落
ИНВЕРТОР;逆变器
МЕХАНИКА;力学
ШИМ;希姆
АД;广告
Угол;角落
Скорость;速度
ИНВ;INV
ШИМ;希姆
АД;广告
Датчик;传感器
Датчик;传感器
График;图形
Время t, с;时间 t, s
АД;广告
Задание;锻炼
Задание;锻炼
угла;角落
ИНВЕРТОР;逆变器
МЕХАНИКА;力学
ШИМ;希姆
АД;广告
Угол;角落
Скорость;速度
ИНВ;INV
ШИМ;希姆
АД;广告
Датчик;传感器
Датчик;传感器
График;图形
Время t, с;时间 t, s
АД;广告
Задание;锻炼
Задание;锻炼
угла;角落
ИНВЕРТОР;逆变器
МЕХАНИКА;力学
ШИМ;希姆
АД;广告
Угол;角落
Скорость;速度
ИНВ;INV
ШИМ;希姆
АД;广告
Датчик;传感器
Датчик;传感器
График;图形
Время t, с;时间 t, s
АД;广告
Задание;锻炼
Задание;锻炼
угла;角落
ИНВЕРТОР;逆变器
МЕХАНИКА;力学
ШИМ;希姆
АД;广告
Угол;角落
Скорость;速度
ИНВ;INV
ШИМ;希姆
АД;广告
Датчик;传感器
Датчик;传感器
График;图形
Время t, с;时间 t, s
АД;广告
Задание;锻炼
Задание;锻炼
угла;角落
ИНВЕРТОР;逆变器
МЕХАНИКА;力学
ШИМ;希姆
АД;广告
Угол;角落
Скорость;速度
ИНВ;INV
ШИМ;希姆
АД;广告
Датчик;传感器
Датчик;传感器
График;图形
Время t, с;时间 t, s
АД;广告
Задание;锻炼
Задание;锻炼
угла;角落
ИНВЕРТОР;逆变器
МЕХАНИКА;力学
ШИМ;希姆
АД;广告
Угол;角落
Скорость;速度
ИНВ;INV
ШИМ;希姆
АД;广告
Датчик;传感器
Датчик;传感器
График;图形
Время t, с;时间 t, s
АД;广告
Задание;锻炼
Задание;锻炼
угла;角落
ИНВЕРТОР;逆变器
МЕХАНИКА;力学
ШИМ;希姆
АД;广告
Угол;角落
Скорость;速度
ИНВ;INV
ШИМ;希姆
АД;广告
Датчик;传感器
Датчик;传感器
График;图形
Время t, с;时间 t, s
АД;广告
Задание;锻炼
Задание;锻炼
угла;角落
АД;广告
Угол;角落
ИНВ;INV
АД;广告
тока;当前的
положен.;放下。
Время t, с;时间 t, s
АД;广告
