Подпись блока;区块签名
синус;窦
график красивый;美丽的图表
Заголовок графика;图标题
Значение y(t);y(t) 值
Название графика 1;图表标题 1
Название графика 2;图表标题2
подпись;签名
блока;堵塞
Подпись блока;区块签名
синус;窦
график красивый;美丽的图表
Заголовок графика;图标题
Значение y(t);y(t) 值
Название графика 1;图表标题 1
Название графика 2;图表标题2
подпись;签名
блока;堵塞
Подпись блока;区块签名
синус;窦
график красивый;美丽的图表
Заголовок графика;图标题
Значение y(t);y(t) 值
Название графика 1;图表标题 1
Название графика 2;图表标题2
подпись;签名
блока;堵塞
Подпись блока;区块签名
синус;窦
график красивый;美丽的图表
Заголовок графика;图标题
Заголовок графика;图标题
Значение y(t);y(t) 值
Время t, с;时间 t, s
Название графика 1;图表标题1
Название графика 2;图表标题2
подпись;签名
блока;堵塞
Подпись блока;区块签名
синус;窦
график красивый;美丽的图表
Заголовок графика;图标题
Заголовок графика;图标题
Значение y(t);y(t) 值
Время t, с;时间 t, s
Название графика 1;图表标题1
Название графика 2;图表标题2
подпись;签名
блока;堵塞
Подпись блока;区块签名
синус;窦
график красивый;美丽的图表
Заголовок графика;图标题
Заголовок графика;图标题
Значение y(t);y(t) 值
Время t, с;时间 t, s
Название графика 1;图表标题1
Название графика 2;图表标题2
подпись;签名
блока;堵塞
Подпись блока;区块签名
синус;窦
график красивый;美丽的图表
Заголовок графика;图标题
Заголовок графика;图标题
Значение y(t);y(t) 值
Время t, с;时间 t, s
Название графика 1;图表标题1
Название графика 2;图表标题2
подпись;签名
блока;堵塞
Подпись блока;区块签名
Значение y(t);y(t) 值
Время t, с;时间 t, s
подпись;签名
Подпись блока;区块签名
Значение y(t);y(t) 值
Время t, с;时间 t, s
подпись;签名
Подпись блока;区块签名
Значение y(t);y(t) 值
Время t, с;时间 t, s
подпись;签名
Подпись блока;区块签名
Значение y(t);y(t) 值
Время t, с;时间 t, s
подпись;签名
Подпись блока;区块签名
Значение y(t);y(t) 值
Время t, с;时间 t, s
подпись;签名
Подпись блока;区块签名
Значение y(t);y(t) 值
Подпись блока;区块签名
Значение y(t);y(t) 值
Время t, с;时间 t, s
подпись;签名
Подпись блока;区块签名
Значение y(t);y(t) 值
Время t, с;时间 t, s
подпись;签名
Подпись блока;区块签名
Значение y(t);y(t) 值
Время t, с;时间 t, s
подпись;签名
синус;窦
график красивый;美丽的图表
Заголовок графика;图标题
Заголовок графика;图标题
Значение y(t);y(t) 值
Время t, с;时间 t, s
Название графика 1;图表标题1
Название графика 2;图表标题2
блока;堵塞
Подпись блока;区块签名
синус;窦
синус;窦
график красивый;美丽的图表
график красивый;美丽的图表
Заголовок графика;图标题
Значение y(t;值 y(t
Название графика 1;图表标题 1
Название графика 2;图表标题2
